<?xml version="1.0" encoding="UTF-8"?>

<DynamicFunctions xmlns:xsi="http://www.w3.org/2001/XMLSchema-instance" xsi:noNamespaceSchemaLocation="opencms://system/modules/org.opencms.ade.containerpage/schemas/function.xsd">
  <DynamicFunction language="es">
    <Title><![CDATA[Search Instantly AJAX]]></Title>
    <Description/>
    <FunctionProvider>
      <link type="WEAK">
        <target><![CDATA[/system/modules/com.saga.opencms.vue/elements/search-instantly-ajax.jsp]]></target>
        <uuid>1c2bf3ce-f605-11e5-9279-0800270018cd</uuid>
      </link>
    </FunctionProvider>
  </DynamicFunction>
</DynamicFunctions>
