<?xml version="1.0" encoding="UTF-8"?>

<NewFormatters xmlns:xsi="http://www.w3.org/2001/XMLSchema-instance" xsi:noNamespaceSchemaLocation="opencms://system/modules/org.opencms.ade.config/schemas/formatters/new_formatter.xsd">
  <NewFormatter language="en">
    <NiceName><![CDATA[Webform - [Sagasuite] - ReCaptcha, Datepicker, radiobuttons, checkboxes and selects]]></NiceName>
    <Type><![CDATA[alkacon-v8-webform]]></Type>
    <Jsp>
      <link type="WEAK">
        <target><![CDATA[/system/modules/com.saga.sagasuite.webform/formatters/form-recaptcha-icheck-custom-radio-checkbox.jsp]]></target>
        <uuid>18dc1fe5-ffb9-11e5-acae-180373db80b4</uuid>
      </link>
    </Jsp>
    <Rank><![CDATA[10000]]></Rank>
    <Match>
      <Width>
        <Width><![CDATA[-1]]></Width>
      </Width>
    </Match>
    <Preview>true</Preview>
    <SearchContent>false</SearchContent>
    <AutoEnabled>true</AutoEnabled>
    <Detail>true</Detail>
    <NestedContainers>false</NestedContainers>
    <HeadIncludeCss>
      <CssLink>
        <link type="WEAK">
          <target><![CDATA[/system/modules/com.saga.sagasuite.core.script/resources/jquery-ui/1.10.3/css/ui-grey/jquery-ui-1.10.3.custom.min.css]]></target>
          <uuid>ee4325ba-7f61-11e3-9005-f18cf451b707</uuid>
        </link>
      </CssLink>
    </HeadIncludeCss>
    <HeadIncludeJs>
      <JavascriptLink>
        <link type="WEAK">
          <target><![CDATA[/system/modules/com.saga.sagasuite.core.script/resources/jquery-ui/1.10.3/js/jquery-ui-1.10.3.Datepicker.js]]></target>
          <uuid>f31bfd97-bf30-11e3-9278-f18cf451b707</uuid>
        </link>
      </JavascriptLink>
      <JavascriptLink>
        <link type="WEAK">
          <target><![CDATA[/system/modules/com.saga.sagasuite.core.script/resources/jquery-ui/1.10.3/js/jquery.ui.datepicker-es.js]]></target>
          <uuid>ade89f28-7f63-11e3-9005-f18cf451b707</uuid>
        </link>
      </JavascriptLink>
      <JavascriptLink>
        <link type="WEAK">
          <target><![CDATA[/system/modules/com.saga.sagasuite.core.script/resources/sagasuite/webform-datepicker.js]]></target>
          <uuid>a633a379-eb6e-11e5-9900-7fb253176922</uuid>
        </link>
      </JavascriptLink>
      <JavascriptLink>
        <link type="WEAK">
          <target><![CDATA[/system/modules/com.saga.sagasuite.core.script/resources/sagasuite/recaptcha-api.js]]></target>
          <uuid>3cbc4bb1-fd67-11e5-bfc9-180373db80b4</uuid>
        </link>
      </JavascriptLink>
    </HeadIncludeJs>
    <Setting>
      <PropertyName><![CDATA[hidetitle]]></PropertyName>
      <DisplayName><![CDATA[%(key.bootstrap.setting.hidetitle)]]></DisplayName>
      <Widget><![CDATA[checkbox]]></Widget>
      <Default><![CDATA[false]]></Default>
    </Setting>
    <Setting>
      <PropertyName><![CDATA[classcaja]]></PropertyName>
      <DisplayName><![CDATA[Clase css del contenedor]]></DisplayName>
      <Widget><![CDATA[string]]></Widget>
      <Default><![CDATA[wrapper-box]]></Default>
    </Setting>
    <Setting>
      <PropertyName><![CDATA[widthscreen]]></PropertyName>
      <DisplayName><![CDATA[Ancho del recurso para Desktop screens]]></DisplayName>
      <Description><![CDATA[Selecciona un valor del 1 al 12 (donde 12 es full width) para asignar el ancho al recurso cuando se visualice en pantalla de ordenador]]></Description>
      <Widget><![CDATA[select]]></Widget>
      <WidgetConfig><![CDATA[99:full-screen|1:1|2:2|3:3|4:4|5:5|6:6|7:7|8:8|9:9|10:10|11:11|container-fluid:12]]></WidgetConfig>
    </Setting>
    <Setting>
      <PropertyName><![CDATA[widthtablet]]></PropertyName>
      <DisplayName><![CDATA[Ancho del recurso para Tablet]]></DisplayName>
      <Description><![CDATA[Selecciona un valor del 1 al 12 (donde 12 es full width) para asignar el ancho al recurso cuando se visualice en pantalla de ordenador]]></Description>
      <Widget><![CDATA[select]]></Widget>
      <WidgetConfig><![CDATA[99:full-screen|1:1|2:2|3:3|4:4|5:5|6:6|7:7|8:8|9:9|10:10|11:11|12:12]]></WidgetConfig>
    </Setting>
    <Setting>
      <PropertyName><![CDATA[widthmobile]]></PropertyName>
      <DisplayName><![CDATA[Ancho del recurso para Móvil]]></DisplayName>
      <Description><![CDATA[Selecciona un valor del 1 al 12 (donde 12 es full width) para asignar el ancho al recurso cuando se visualice en pantalla de ordenador]]></Description>
      <Widget><![CDATA[select]]></Widget>
      <WidgetConfig><![CDATA[99:full-screen|1:1|2:2|3:3|4:4|5:5|6:6|7:7|8:8|9:9|10:10|11:11|12:12]]></WidgetConfig>
    </Setting>
    <Setting>
      <PropertyName><![CDATA[dividertop]]></PropertyName>
      <DisplayName><![CDATA[Separador superior]]></DisplayName>
      <Description><![CDATA[Marca esta casilla para insertar un separador en la zona superior del recurso]]></Description>
      <Widget><![CDATA[checkbox]]></Widget>
      <Default><![CDATA[false]]></Default>
    </Setting>
    <Setting>
      <PropertyName><![CDATA[dividerbottom]]></PropertyName>
      <DisplayName><![CDATA[Separador inferior]]></DisplayName>
      <Description><![CDATA[Marca esta casilla para insertar un separador en la zona inferior del recurso]]></Description>
      <Widget><![CDATA[checkbox]]></Widget>
      <Default><![CDATA[false]]></Default>
    </Setting>
  </NewFormatter>
</NewFormatters>
