<?xml version="1.0" encoding="UTF-8"?>

<export>
	<info>
		<creator>jgregorio</creator>
		<opencms_version>9.5.2</opencms_version>
		<createdate>Mon, 04 Apr 2016 20:41:06 GMT</createdate>
		<infoproject>Offline</infoproject>
		<export_version>7</export_version>
	</info>
	<module>
		<name>com.saga.opencms.vue</name>
		<nicename><![CDATA[Vue]]></nicename>
		<class/>
		<description><![CDATA[Using Vue.js library in OpenCms]]></description>
		<version>0.1</version>
		<authorname><![CDATA[jgregorio]]></authorname>
		<authoremail><![CDATA[jesus.gregorio@sagasoluciones.com]]></authoremail>
		<datecreated/>
		<userinstalled/>
		<dateinstalled/>
		<dependencies/>
		<exportpoints>
			<exportpoint uri="/system/modules/com.saga.opencms.vue/classes/" destination="WEB-INF/classes/"/>
			<exportpoint uri="/system/modules/com.saga.opencms.vue/lib/" destination="WEB-INF/lib/"/>
		</exportpoints>
		<resources>
			<resource uri="/system/modules/com.saga.opencms.vue/"/>
		</resources>
		<parameters/>
	</module>
	<files>
		<file>
			<destination>system</destination>
			<type>folder</type>
			<uuidstructure>634cfe5b-1b72-11e5-aaff-0800270018cd</uuidstructure>
			<datelastmodified>Thu, 25 Jun 2015 19:43:01 GMT</datelastmodified>
			<userlastmodified>Admin</userlastmodified>
			<datecreated>Thu, 25 Jun 2015 19:43:01 GMT</datecreated>
			<usercreated>Admin</usercreated>
			<flags>0</flags>
			<properties/>
			<relations/>
			<accesscontrol>
				<accessentry>
					<uuidprincipal>ROLE.WORKPLACE_USER</uuidprincipal>
					<flags>514</flags>
					<permissionset>
						<allowed>1</allowed>
						<denied>0</denied>
					</permissionset>
				</accessentry>
			</accesscontrol>
		</file>
		<file>
			<destination>system/modules</destination>
			<type>folder</type>
			<uuidstructure>661e9527-1b72-11e5-aaff-0800270018cd</uuidstructure>
			<datelastmodified>Thu, 25 Jun 2015 19:43:05 GMT</datelastmodified>
			<userlastmodified>Admin</userlastmodified>
			<datecreated>Thu, 25 Jun 2015 19:43:05 GMT</datecreated>
			<usercreated>Admin</usercreated>
			<flags>0</flags>
			<properties/>
			<relations/>
			<accesscontrol>
				<accessentry>
					<uuidprincipal>ROLE.WORKPLACE_USER</uuidprincipal>
					<flags>514</flags>
					<permissionset>
						<allowed>5</allowed>
						<denied>0</denied>
					</permissionset>
				</accessentry>
			</accesscontrol>
		</file>
		<file>
			<destination>system/modules/com.saga.opencms.vue</destination>
			<type>folder</type>
			<uuidstructure>3c0803f1-f4be-11e5-95cd-0800270018cd</uuidstructure>
			<datelastmodified>Mon, 28 Mar 2016 08:22:39 GMT</datelastmodified>
			<userlastmodified>jgregorio</userlastmodified>
			<datecreated>Mon, 28 Mar 2016 08:22:39 GMT</datecreated>
			<usercreated>jgregorio</usercreated>
			<flags>0</flags>
			<properties/>
			<relations/>
			<accesscontrol/>
		</file>
		<file>
			<destination>system/modules/com.saga.opencms.vue/elements</destination>
			<type>folder</type>
			<uuidstructure>3c1b16c5-f4be-11e5-95cd-0800270018cd</uuidstructure>
			<datelastmodified>Mon, 28 Mar 2016 08:22:39 GMT</datelastmodified>
			<userlastmodified>jgregorio</userlastmodified>
			<datecreated>Mon, 28 Mar 2016 08:22:39 GMT</datecreated>
			<usercreated>jgregorio</usercreated>
			<flags>0</flags>
			<properties/>
			<relations/>
			<accesscontrol/>
		</file>
		<file>
			<source>system/modules/com.saga.opencms.vue/elements/hello.jsp</source>
			<destination>system/modules/com.saga.opencms.vue/elements/hello.jsp</destination>
			<type>jsp</type>
			<uuidstructure>a28ca48e-f521-11e5-b579-0800270018cd</uuidstructure>
			<uuidresource>a28ca48f-f521-11e5-b579-0800270018cd</uuidresource>
			<datelastmodified>Mon, 28 Mar 2016 23:44:08 GMT</datelastmodified>
			<userlastmodified>jgregorio</userlastmodified>
			<datecreated>Mon, 28 Mar 2016 20:14:11 GMT</datecreated>
			<usercreated>jgregorio</usercreated>
			<flags>0</flags>
			<properties>
				<property>
					<name>Title</name>
					<value><![CDATA[list]]></value>
				</property>
			</properties>
			<relations/>
			<accesscontrol/>
		</file>
		<file>
			<source>system/modules/com.saga.opencms.vue/elements/list.jsp</source>
			<destination>system/modules/com.saga.opencms.vue/elements/list.jsp</destination>
			<type>jsp</type>
			<uuidstructure>2709e112-f522-11e5-b579-0800270018cd</uuidstructure>
			<uuidresource>2709e113-f522-11e5-b579-0800270018cd</uuidresource>
			<datelastmodified>Mon, 28 Mar 2016 20:20:44 GMT</datelastmodified>
			<userlastmodified>jgregorio</userlastmodified>
			<datecreated>Mon, 28 Mar 2016 20:17:53 GMT</datecreated>
			<usercreated>jgregorio</usercreated>
			<flags>0</flags>
			<properties>
				<property>
					<name>Title</name>
					<value><![CDATA[list]]></value>
				</property>
			</properties>
			<relations/>
			<accesscontrol/>
		</file>
		<file>
			<source>system/modules/com.saga.opencms.vue/elements/search-instantly-ajax.jsp</source>
			<destination>system/modules/com.saga.opencms.vue/elements/search-instantly-ajax.jsp</destination>
			<type>jsp</type>
			<uuidstructure>1c2bf3ce-f605-11e5-9279-0800270018cd</uuidstructure>
			<uuidresource>1c2bf3cf-f605-11e5-9279-0800270018cd</uuidresource>
			<datelastmodified>Mon, 04 Apr 2016 20:30:00 GMT</datelastmodified>
			<userlastmodified>jgregorio</userlastmodified>
			<datecreated>Tue, 29 Mar 2016 23:22:31 GMT</datecreated>
			<usercreated>jgregorio</usercreated>
			<flags>0</flags>
			<properties>
				<property>
					<name>Title</name>
					<value><![CDATA[list]]></value>
				</property>
			</properties>
			<relations/>
			<accesscontrol/>
		</file>
		<file>
			<source>system/modules/com.saga.opencms.vue/elements/search-instantly-load.jsp</source>
			<destination>system/modules/com.saga.opencms.vue/elements/search-instantly-load.jsp</destination>
			<type>jsp</type>
			<uuidstructure>1ff90161-f605-11e5-9279-0800270018cd</uuidstructure>
			<uuidresource>1ff90162-f605-11e5-9279-0800270018cd</uuidresource>
			<datelastmodified>Mon, 04 Apr 2016 20:36:54 GMT</datelastmodified>
			<userlastmodified>jgregorio</userlastmodified>
			<datecreated>Tue, 29 Mar 2016 23:22:37 GMT</datecreated>
			<usercreated>jgregorio</usercreated>
			<flags>0</flags>
			<properties>
				<property>
					<name>Title</name>
					<value><![CDATA[list]]></value>
				</property>
			</properties>
			<relations/>
			<accesscontrol/>
		</file>
		<file>
			<source>system/modules/com.saga.opencms.vue/elements/search-instantly.jsp</source>
			<destination>system/modules/com.saga.opencms.vue/elements/search-instantly.jsp</destination>
			<type>jsp</type>
			<uuidstructure>2a45722b-f524-11e5-b579-0800270018cd</uuidstructure>
			<uuidresource>2a45722c-f524-11e5-b579-0800270018cd</uuidresource>
			<datelastmodified>Mon, 28 Mar 2016 20:32:39 GMT</datelastmodified>
			<userlastmodified>jgregorio</userlastmodified>
			<datecreated>Mon, 28 Mar 2016 20:32:18 GMT</datecreated>
			<usercreated>jgregorio</usercreated>
			<flags>0</flags>
			<properties>
				<property>
					<name>Title</name>
					<value><![CDATA[list]]></value>
				</property>
			</properties>
			<relations/>
			<accesscontrol/>
		</file>
		<file>
			<destination>system/modules/com.saga.opencms.vue/examples</destination>
			<type>folder</type>
			<uuidstructure>7235bbb2-faa5-11e5-9d16-0800270018cd</uuidstructure>
			<datelastmodified>Mon, 04 Apr 2016 20:40:19 GMT</datelastmodified>
			<userlastmodified>jgregorio</userlastmodified>
			<datecreated>Mon, 04 Apr 2016 20:40:19 GMT</datecreated>
			<usercreated>jgregorio</usercreated>
			<flags>0</flags>
			<properties/>
			<relations/>
			<accesscontrol/>
		</file>
		<file>
			<destination>system/modules/com.saga.opencms.vue/examples/vue</destination>
			<type>subsitemap</type>
			<uuidstructure>67881ec6-faa5-11e5-9d16-0800270018cd</uuidstructure>
			<datelastmodified>Mon, 04 Apr 2016 20:40:01 GMT</datelastmodified>
			<userlastmodified>jgregorio</userlastmodified>
			<datecreated>Mon, 04 Apr 2016 20:40:01 GMT</datecreated>
			<usercreated>jgregorio</usercreated>
			<flags>0</flags>
			<properties>
				<property>
					<name>NavPos</name>
					<value><![CDATA[3.539771E-5]]></value>
				</property>
				<property>
					<name>NavText</name>
					<value><![CDATA[vue]]></value>
				</property>
				<property>
					<name>Title</name>
					<value><![CDATA[vue]]></value>
				</property>
				<property type="shared">
					<name>Title</name>
					<value><![CDATA[page]]></value>
				</property>
				<property>
					<name>template</name>
					<value><![CDATA[provider=org.opencms.loader.CmsDefaultTemplateContextProvider,template=/system/modules/com.saga.opencms.vue/templates/template.jsp]]></value>
				</property>
			</properties>
			<relations/>
			<accesscontrol/>
		</file>
		<file>
			<source>system/modules/com.saga.opencms.vue/examples/vue/index.html</source>
			<destination>system/modules/com.saga.opencms.vue/examples/vue/index.html</destination>
			<type>containerpage</type>
			<uuidstructure>68c4e4bf-faa5-11e5-9d16-0800270018cd</uuidstructure>
			<uuidresource>68c4e4c0-faa5-11e5-9d16-0800270018cd</uuidresource>
			<datelastmodified>Mon, 28 Mar 2016 08:29:31 GMT</datelastmodified>
			<userlastmodified>jgregorio</userlastmodified>
			<datecreated>Mon, 04 Apr 2016 20:40:03 GMT</datecreated>
			<usercreated>jgregorio</usercreated>
			<flags>0</flags>
			<properties>
				<property>
					<name>Title</name>
					<value><![CDATA[vue]]></value>
				</property>
			</properties>
			<relations/>
			<accesscontrol/>
		</file>
		<file>
			<destination>system/modules/com.saga.opencms.vue/examples/vue/.content</destination>
			<type>content_folder</type>
			<uuidstructure>6799d20d-faa5-11e5-9d16-0800270018cd</uuidstructure>
			<datelastmodified>Mon, 04 Apr 2016 20:40:01 GMT</datelastmodified>
			<userlastmodified>jgregorio</userlastmodified>
			<datecreated>Mon, 04 Apr 2016 20:40:01 GMT</datecreated>
			<usercreated>jgregorio</usercreated>
			<flags>0</flags>
			<properties/>
			<relations/>
			<accesscontrol/>
		</file>
		<file>
			<source>system/modules/com.saga.opencms.vue/examples/vue/.content/.config</source>
			<destination>system/modules/com.saga.opencms.vue/examples/vue/.content/.config</destination>
			<type>sitemap_config</type>
			<uuidstructure>6810fdef-faa5-11e5-9d16-0800270018cd</uuidstructure>
			<uuidresource>6810fdf0-faa5-11e5-9d16-0800270018cd</uuidresource>
			<datelastmodified>Mon, 28 Mar 2016 20:12:41 GMT</datelastmodified>
			<userlastmodified>jgregorio</userlastmodified>
			<datecreated>Mon, 04 Apr 2016 20:40:02 GMT</datecreated>
			<usercreated>jgregorio</usercreated>
			<flags>512</flags>
			<properties>
				<property>
					<name>Title</name>
					<value><![CDATA[Sitemap configuration file]]></value>
				</property>
				<property>
					<name>locale</name>
					<value><![CDATA[en]]></value>
				</property>
				<property>
					<name>locale-available</name>
					<value><![CDATA[en]]></value>
				</property>
				<property>
					<name>search.exclude</name>
					<value><![CDATA[all]]></value>
				</property>
			</properties>
			<relations/>
			<accesscontrol/>
		</file>
		<file>
			<destination>system/modules/com.saga.opencms.vue/examples/vue/.content/function</destination>
			<type>folder</type>
			<uuidstructure>67a4595f-faa5-11e5-9d16-0800270018cd</uuidstructure>
			<datelastmodified>Mon, 04 Apr 2016 20:40:02 GMT</datelastmodified>
			<userlastmodified>jgregorio</userlastmodified>
			<datecreated>Mon, 04 Apr 2016 20:40:02 GMT</datecreated>
			<usercreated>jgregorio</usercreated>
			<flags>0</flags>
			<properties/>
			<relations/>
			<accesscontrol/>
		</file>
		<file>
			<source>system/modules/com.saga.opencms.vue/examples/vue/.content/function/function-00001.xml</source>
			<destination>system/modules/com.saga.opencms.vue/examples/vue/.content/function/function-00001.xml</destination>
			<type>function</type>
			<uuidstructure>67afcb11-faa5-11e5-9d16-0800270018cd</uuidstructure>
			<uuidresource>67afcb12-faa5-11e5-9d16-0800270018cd</uuidresource>
			<datelastmodified>Mon, 28 Mar 2016 20:14:44 GMT</datelastmodified>
			<userlastmodified>jgregorio</userlastmodified>
			<datecreated>Mon, 04 Apr 2016 20:40:02 GMT</datecreated>
			<usercreated>jgregorio</usercreated>
			<flags>0</flags>
			<properties>
				<property>
					<name>Title</name>
					<value><![CDATA[Hello Vue]]></value>
				</property>
			</properties>
			<relations/>
			<accesscontrol/>
		</file>
		<file>
			<source>system/modules/com.saga.opencms.vue/examples/vue/.content/function/function-00002.xml</source>
			<destination>system/modules/com.saga.opencms.vue/examples/vue/.content/function/function-00002.xml</destination>
			<type>function</type>
			<uuidstructure>67c3ef54-faa5-11e5-9d16-0800270018cd</uuidstructure>
			<uuidresource>67c3ef55-faa5-11e5-9d16-0800270018cd</uuidresource>
			<datelastmodified>Mon, 28 Mar 2016 20:19:38 GMT</datelastmodified>
			<userlastmodified>jgregorio</userlastmodified>
			<datecreated>Mon, 04 Apr 2016 20:40:02 GMT</datecreated>
			<usercreated>jgregorio</usercreated>
			<flags>0</flags>
			<properties>
				<property>
					<name>Title</name>
					<value><![CDATA[List Vue]]></value>
				</property>
			</properties>
			<relations/>
			<accesscontrol/>
		</file>
		<file>
			<source>system/modules/com.saga.opencms.vue/examples/vue/.content/function/function-00003.xml</source>
			<destination>system/modules/com.saga.opencms.vue/examples/vue/.content/function/function-00003.xml</destination>
			<type>function</type>
			<uuidstructure>67d6db17-faa5-11e5-9d16-0800270018cd</uuidstructure>
			<uuidresource>67d6db18-faa5-11e5-9d16-0800270018cd</uuidresource>
			<datelastmodified>Mon, 28 Mar 2016 20:43:29 GMT</datelastmodified>
			<userlastmodified>jgregorio</userlastmodified>
			<datecreated>Mon, 04 Apr 2016 20:40:02 GMT</datecreated>
			<usercreated>jgregorio</usercreated>
			<flags>0</flags>
			<properties/>
			<relations/>
			<accesscontrol/>
		</file>
		<file>
			<source>system/modules/com.saga.opencms.vue/examples/vue/.content/function/function-00004.xml</source>
			<destination>system/modules/com.saga.opencms.vue/examples/vue/.content/function/function-00004.xml</destination>
			<type>function</type>
			<uuidstructure>67e8dc79-faa5-11e5-9d16-0800270018cd</uuidstructure>
			<uuidresource>67e8dc7a-faa5-11e5-9d16-0800270018cd</uuidresource>
			<datelastmodified>Mon, 28 Mar 2016 20:45:49 GMT</datelastmodified>
			<userlastmodified>jgregorio</userlastmodified>
			<datecreated>Mon, 04 Apr 2016 20:40:02 GMT</datecreated>
			<usercreated>jgregorio</usercreated>
			<flags>0</flags>
			<properties>
				<property>
					<name>Title</name>
					<value><![CDATA[Search Instantly]]></value>
				</property>
			</properties>
			<relations/>
			<accesscontrol/>
		</file>
		<file>
			<source>system/modules/com.saga.opencms.vue/examples/vue/.content/function/function-00005.xml</source>
			<destination>system/modules/com.saga.opencms.vue/examples/vue/.content/function/function-00005.xml</destination>
			<type>function</type>
			<uuidstructure>67fc647c-faa5-11e5-9d16-0800270018cd</uuidstructure>
			<uuidresource>67fc647d-faa5-11e5-9d16-0800270018cd</uuidresource>
			<datelastmodified>Tue, 29 Mar 2016 23:24:18 GMT</datelastmodified>
			<userlastmodified>jgregorio</userlastmodified>
			<datecreated>Mon, 04 Apr 2016 20:40:02 GMT</datecreated>
			<usercreated>jgregorio</usercreated>
			<flags>0</flags>
			<properties>
				<property>
					<name>Title</name>
					<value><![CDATA[Search Instantly AJAX]]></value>
				</property>
			</properties>
			<relations/>
			<accesscontrol/>
		</file>
		<file>
			<destination>system/modules/com.saga.opencms.vue/examples/vue/hello</destination>
			<type>folder</type>
			<uuidstructure>68279335-faa5-11e5-9d16-0800270018cd</uuidstructure>
			<datelastmodified>Mon, 04 Apr 2016 20:40:02 GMT</datelastmodified>
			<userlastmodified>jgregorio</userlastmodified>
			<datecreated>Mon, 04 Apr 2016 20:40:02 GMT</datecreated>
			<usercreated>jgregorio</usercreated>
			<flags>0</flags>
			<properties>
				<property>
					<name>NavPos</name>
					<value><![CDATA[1.0]]></value>
				</property>
				<property>
					<name>NavText</name>
					<value><![CDATA[hello]]></value>
				</property>
				<property>
					<name>Title</name>
					<value><![CDATA[hello]]></value>
				</property>
				<property type="shared">
					<name>Title</name>
					<value><![CDATA[page]]></value>
				</property>
			</properties>
			<relations/>
			<accesscontrol/>
		</file>
		<file>
			<source>system/modules/com.saga.opencms.vue/examples/vue/hello/index.html</source>
			<destination>system/modules/com.saga.opencms.vue/examples/vue/hello/index.html</destination>
			<type>containerpage</type>
			<uuidstructure>683575eb-faa5-11e5-9d16-0800270018cd</uuidstructure>
			<uuidresource>683575ec-faa5-11e5-9d16-0800270018cd</uuidresource>
			<datelastmodified>Mon, 28 Mar 2016 20:33:30 GMT</datelastmodified>
			<userlastmodified>jgregorio</userlastmodified>
			<datecreated>Mon, 04 Apr 2016 20:40:02 GMT</datecreated>
			<usercreated>jgregorio</usercreated>
			<flags>0</flags>
			<properties>
				<property>
					<name>Title</name>
					<value><![CDATA[hello]]></value>
				</property>
			</properties>
			<relations/>
			<accesscontrol/>
		</file>
		<file>
			<destination>system/modules/com.saga.opencms.vue/examples/vue/list</destination>
			<type>folder</type>
			<uuidstructure>685c37ce-faa5-11e5-9d16-0800270018cd</uuidstructure>
			<datelastmodified>Mon, 04 Apr 2016 20:40:03 GMT</datelastmodified>
			<userlastmodified>jgregorio</userlastmodified>
			<datecreated>Mon, 04 Apr 2016 20:40:03 GMT</datecreated>
			<usercreated>jgregorio</usercreated>
			<flags>0</flags>
			<properties>
				<property>
					<name>NavPos</name>
					<value><![CDATA[1.0]]></value>
				</property>
				<property>
					<name>NavText</name>
					<value><![CDATA[list]]></value>
				</property>
				<property>
					<name>Title</name>
					<value><![CDATA[list]]></value>
				</property>
				<property type="shared">
					<name>Title</name>
					<value><![CDATA[page]]></value>
				</property>
			</properties>
			<relations/>
			<accesscontrol/>
		</file>
		<file>
			<source>system/modules/com.saga.opencms.vue/examples/vue/list/index.html</source>
			<destination>system/modules/com.saga.opencms.vue/examples/vue/list/index.html</destination>
			<type>containerpage</type>
			<uuidstructure>686a8fb4-faa5-11e5-9d16-0800270018cd</uuidstructure>
			<uuidresource>686a8fb5-faa5-11e5-9d16-0800270018cd</uuidresource>
			<datelastmodified>Mon, 28 Mar 2016 20:19:01 GMT</datelastmodified>
			<userlastmodified>jgregorio</userlastmodified>
			<datecreated>Mon, 04 Apr 2016 20:40:03 GMT</datecreated>
			<usercreated>jgregorio</usercreated>
			<flags>0</flags>
			<properties>
				<property>
					<name>Title</name>
					<value><![CDATA[list]]></value>
				</property>
			</properties>
			<relations/>
			<accesscontrol/>
		</file>
		<file>
			<destination>system/modules/com.saga.opencms.vue/examples/vue/search-instantly</destination>
			<type>folder</type>
			<uuidstructure>6891edd7-faa5-11e5-9d16-0800270018cd</uuidstructure>
			<datelastmodified>Mon, 04 Apr 2016 20:40:03 GMT</datelastmodified>
			<userlastmodified>jgregorio</userlastmodified>
			<datecreated>Mon, 04 Apr 2016 20:40:03 GMT</datecreated>
			<usercreated>jgregorio</usercreated>
			<flags>0</flags>
			<properties>
				<property>
					<name>NavPos</name>
					<value><![CDATA[1.0]]></value>
				</property>
				<property>
					<name>NavText</name>
					<value><![CDATA[Search instantly]]></value>
				</property>
				<property>
					<name>Title</name>
					<value><![CDATA[Search instantly]]></value>
				</property>
				<property type="shared">
					<name>Title</name>
					<value><![CDATA[page]]></value>
				</property>
			</properties>
			<relations/>
			<accesscontrol/>
		</file>
		<file>
			<source>system/modules/com.saga.opencms.vue/examples/vue/search-instantly/index.html</source>
			<destination>system/modules/com.saga.opencms.vue/examples/vue/search-instantly/index.html</destination>
			<type>containerpage</type>
			<uuidstructure>68a0e1fd-faa5-11e5-9d16-0800270018cd</uuidstructure>
			<uuidresource>68a0e1fe-faa5-11e5-9d16-0800270018cd</uuidresource>
			<datelastmodified>Tue, 29 Mar 2016 23:23:46 GMT</datelastmodified>
			<userlastmodified>jgregorio</userlastmodified>
			<datecreated>Mon, 04 Apr 2016 20:40:03 GMT</datecreated>
			<usercreated>jgregorio</usercreated>
			<flags>0</flags>
			<properties/>
			<relations/>
			<accesscontrol/>
		</file>
		<file>
			<destination>system/modules/com.saga.opencms.vue/lib</destination>
			<type>folder</type>
			<uuidstructure>06beffa3-f854-11e5-bf2b-0800270018cd</uuidstructure>
			<datelastmodified>Fri, 01 Apr 2016 21:52:27 GMT</datelastmodified>
			<userlastmodified>jgregorio</userlastmodified>
			<datecreated>Fri, 01 Apr 2016 21:52:27 GMT</datecreated>
			<usercreated>jgregorio</usercreated>
			<flags>0</flags>
			<properties/>
			<relations/>
			<accesscontrol/>
		</file>
		<file>
			<source>system/modules/com.saga.opencms.vue/lib/com.saga.opencms.vue-1.0.jar</source>
			<destination>system/modules/com.saga.opencms.vue/lib/com.saga.opencms.vue-1.0.jar</destination>
			<type>binary</type>
			<uuidstructure>193bf846-f854-11e5-bf2b-0800270018cd</uuidstructure>
			<uuidresource>193bf847-f854-11e5-bf2b-0800270018cd</uuidresource>
			<datelastmodified>Sat, 02 Apr 2016 20:49:47 GMT</datelastmodified>
			<userlastmodified>jgregorio</userlastmodified>
			<datecreated>Fri, 01 Apr 2016 21:52:58 GMT</datecreated>
			<usercreated>jgregorio</usercreated>
			<flags>0</flags>
			<properties>
				<property>
					<name>Title</name>
					<value><![CDATA[com.saga.opencms.vue-1.0]]></value>
				</property>
			</properties>
			<relations/>
			<accesscontrol/>
		</file>
		<file>
			<destination>system/modules/com.saga.opencms.vue/resources</destination>
			<type>folder</type>
			<uuidstructure>3c2d3f3b-f4be-11e5-95cd-0800270018cd</uuidstructure>
			<datelastmodified>Mon, 28 Mar 2016 08:22:39 GMT</datelastmodified>
			<userlastmodified>jgregorio</userlastmodified>
			<datecreated>Mon, 28 Mar 2016 08:22:39 GMT</datecreated>
			<usercreated>jgregorio</usercreated>
			<flags>0</flags>
			<properties/>
			<relations/>
			<accesscontrol/>
		</file>
		<file>
			<destination>system/modules/com.saga.opencms.vue/resources/js</destination>
			<type>folder</type>
			<uuidstructure>60f80a3a-f4be-11e5-95cd-0800270018cd</uuidstructure>
			<datelastmodified>Mon, 28 Mar 2016 08:23:41 GMT</datelastmodified>
			<userlastmodified>jgregorio</userlastmodified>
			<datecreated>Mon, 28 Mar 2016 08:23:41 GMT</datecreated>
			<usercreated>jgregorio</usercreated>
			<flags>0</flags>
			<properties/>
			<relations/>
			<accesscontrol/>
		</file>
		<file>
			<source>system/modules/com.saga.opencms.vue/resources/js/vue.js</source>
			<destination>system/modules/com.saga.opencms.vue/resources/js/vue.js</destination>
			<type>plain</type>
			<uuidstructure>64f5c3c8-f4c9-11e5-80f6-0800270018cd</uuidstructure>
			<uuidresource>64f5c3c9-f4c9-11e5-80f6-0800270018cd</uuidresource>
			<datelastmodified>Mon, 28 Mar 2016 09:42:32 GMT</datelastmodified>
			<userlastmodified>jgregorio</userlastmodified>
			<datecreated>Mon, 28 Mar 2016 09:42:32 GMT</datecreated>
			<usercreated>jgregorio</usercreated>
			<flags>0</flags>
			<properties>
				<property>
					<name>Title</name>
					<value><![CDATA[vue]]></value>
				</property>
			</properties>
			<relations/>
			<accesscontrol/>
		</file>
		<file>
			<source>system/modules/com.saga.opencms.vue/resources/js/vue.min.js</source>
			<destination>system/modules/com.saga.opencms.vue/resources/js/vue.min.js</destination>
			<type>plain</type>
			<uuidstructure>6504defb-f4c9-11e5-80f6-0800270018cd</uuidstructure>
			<uuidresource>6504defc-f4c9-11e5-80f6-0800270018cd</uuidresource>
			<datelastmodified>Mon, 28 Mar 2016 09:42:32 GMT</datelastmodified>
			<userlastmodified>jgregorio</userlastmodified>
			<datecreated>Mon, 28 Mar 2016 09:42:32 GMT</datecreated>
			<usercreated>jgregorio</usercreated>
			<flags>0</flags>
			<properties>
				<property>
					<name>Title</name>
					<value><![CDATA[vue.min]]></value>
				</property>
			</properties>
			<relations/>
			<accesscontrol/>
		</file>
		<file>
			<destination>system/modules/com.saga.opencms.vue/templates</destination>
			<type>folder</type>
			<uuidstructure>3c14d533-f4be-11e5-95cd-0800270018cd</uuidstructure>
			<datelastmodified>Mon, 28 Mar 2016 08:22:39 GMT</datelastmodified>
			<userlastmodified>jgregorio</userlastmodified>
			<datecreated>Mon, 28 Mar 2016 08:22:39 GMT</datecreated>
			<usercreated>jgregorio</usercreated>
			<flags>0</flags>
			<properties/>
			<relations/>
			<accesscontrol/>
		</file>
		<file>
			<source>system/modules/com.saga.opencms.vue/templates/template.jsp</source>
			<destination>system/modules/com.saga.opencms.vue/templates/template.jsp</destination>
			<type>jsp</type>
			<uuidstructure>4b0dfe57-f4be-11e5-95cd-0800270018cd</uuidstructure>
			<uuidresource>4b0dfe58-f4be-11e5-95cd-0800270018cd</uuidresource>
			<datelastmodified>Mon, 28 Mar 2016 20:06:42 GMT</datelastmodified>
			<userlastmodified>jgregorio</userlastmodified>
			<datecreated>Mon, 28 Mar 2016 08:23:04 GMT</datecreated>
			<usercreated>jgregorio</usercreated>
			<flags>0</flags>
			<properties>
				<property type="shared">
					<name>export</name>
					<value><![CDATA[false]]></value>
				</property>
			</properties>
			<relations/>
			<accesscontrol/>
		</file>
	</files>
</export>
