<?xml version="1.0" encoding="UTF-8"?>

<export>
	<info>
		<creator>jgregorio</creator>
		<opencms_version>9.5.2</opencms_version>
		<createdate>Wed, 02 Dec 2015 16:18:23 GMT</createdate>
		<infoproject>Offline</infoproject>
		<export_version>7</export_version>
	</info>
	<module>
		<name>com.saga.opencms.fileupload</name>
		<nicename><![CDATA[File Upload]]></nicename>
		<class/>
		<description><![CDATA[Módulo que contiene la funcionalidad necesaria para subir ficheros]]></description>
		<version>1.1</version>
		<authorname><![CDATA[jgregorio]]></authorname>
		<authoremail><![CDATA[jesus.gregorio@sagasoluciones.com]]></authoremail>
		<datecreated/>
		<userinstalled/>
		<dateinstalled/>
		<dependencies/>
		<exportpoints>
			<exportpoint uri="/system/modules/com.saga.opencms.fileupload/classes/" destination="WEB-INF/classes/"/>
		</exportpoints>
		<resources>
			<resource uri="/system/modules/com.saga.opencms.fileupload/"/>
		</resources>
		<parameters/>
	</module>
	<files>
		<file>
			<destination>system</destination>
			<type>folder</type>
			<uuidstructure>634cfe5b-1b72-11e5-aaff-0800270018cd</uuidstructure>
			<datelastmodified>Thu, 25 Jun 2015 19:43:01 GMT</datelastmodified>
			<userlastmodified>Admin</userlastmodified>
			<datecreated>Thu, 25 Jun 2015 19:43:01 GMT</datecreated>
			<usercreated>Admin</usercreated>
			<flags>0</flags>
			<properties/>
			<relations/>
			<accesscontrol>
				<accessentry>
					<uuidprincipal>ROLE.WORKPLACE_USER</uuidprincipal>
					<flags>514</flags>
					<permissionset>
						<allowed>1</allowed>
						<denied>0</denied>
					</permissionset>
				</accessentry>
			</accesscontrol>
		</file>
		<file>
			<destination>system/modules</destination>
			<type>folder</type>
			<uuidstructure>661e9527-1b72-11e5-aaff-0800270018cd</uuidstructure>
			<datelastmodified>Thu, 25 Jun 2015 19:43:05 GMT</datelastmodified>
			<userlastmodified>Admin</userlastmodified>
			<datecreated>Thu, 25 Jun 2015 19:43:05 GMT</datecreated>
			<usercreated>Admin</usercreated>
			<flags>0</flags>
			<properties/>
			<relations/>
			<accesscontrol>
				<accessentry>
					<uuidprincipal>ROLE.WORKPLACE_USER</uuidprincipal>
					<flags>514</flags>
					<permissionset>
						<allowed>5</allowed>
						<denied>0</denied>
					</permissionset>
				</accessentry>
			</accesscontrol>
		</file>
		<file>
			<destination>system/modules/com.saga.opencms.fileupload</destination>
			<type>folder</type>
			<uuidstructure>53914456-88b7-11e5-bea9-0800270018cd</uuidstructure>
			<datelastmodified>Wed, 11 Nov 2015 21:01:06 GMT</datelastmodified>
			<userlastmodified>jgregorio</userlastmodified>
			<datecreated>Wed, 11 Nov 2015 21:01:06 GMT</datecreated>
			<usercreated>jgregorio</usercreated>
			<flags>0</flags>
			<properties/>
			<relations/>
			<accesscontrol/>
		</file>
		<file>
			<source>system/modules/com.saga.opencms.fileupload/release-notes.txt</source>
			<destination>system/modules/com.saga.opencms.fileupload/release-notes.txt</destination>
			<type>plain</type>
			<uuidstructure>e3203fe4-98fc-11e5-9b3d-0800270018cd</uuidstructure>
			<uuidresource>e3203fe5-98fc-11e5-9b3d-0800270018cd</uuidresource>
			<datelastmodified>Wed, 02 Dec 2015 16:16:55 GMT</datelastmodified>
			<userlastmodified>jgregorio</userlastmodified>
			<datecreated>Wed, 02 Dec 2015 13:59:21 GMT</datecreated>
			<usercreated>jgregorio</usercreated>
			<flags>0</flags>
			<properties/>
			<relations/>
			<accesscontrol/>
		</file>
		<file>
			<destination>system/modules/com.saga.opencms.fileupload/elements</destination>
			<type>folder</type>
			<uuidstructure>e2947a94-98fc-11e5-9b3d-0800270018cd</uuidstructure>
			<datelastmodified>Wed, 02 Dec 2015 13:59:20 GMT</datelastmodified>
			<userlastmodified>jgregorio</userlastmodified>
			<datecreated>Wed, 02 Dec 2015 13:59:20 GMT</datecreated>
			<usercreated>jgregorio</usercreated>
			<flags>0</flags>
			<properties/>
			<relations/>
			<accesscontrol/>
		</file>
		<file>
			<source>system/modules/com.saga.opencms.fileupload/elements/replication-form.jsp</source>
			<destination>system/modules/com.saga.opencms.fileupload/elements/replication-form.jsp</destination>
			<type>jsp</type>
			<uuidstructure>e29dc966-98fc-11e5-9b3d-0800270018cd</uuidstructure>
			<uuidresource>e29dc967-98fc-11e5-9b3d-0800270018cd</uuidresource>
			<datelastmodified>Wed, 02 Dec 2015 15:48:33 GMT</datelastmodified>
			<userlastmodified>jgregorio</userlastmodified>
			<datecreated>Wed, 02 Dec 2015 13:59:20 GMT</datecreated>
			<usercreated>jgregorio</usercreated>
			<flags>0</flags>
			<properties>
				<property type="shared">
					<name>export</name>
					<value><![CDATA[false]]></value>
				</property>
			</properties>
			<relations/>
			<accesscontrol/>
		</file>
		<file>
			<source>system/modules/com.saga.opencms.fileupload/elements/simple-form.jsp</source>
			<destination>system/modules/com.saga.opencms.fileupload/elements/simple-form.jsp</destination>
			<type>jsp</type>
			<uuidstructure>e2baa039-98fc-11e5-9b3d-0800270018cd</uuidstructure>
			<uuidresource>e2baa03a-98fc-11e5-9b3d-0800270018cd</uuidresource>
			<datelastmodified>Wed, 02 Dec 2015 15:29:01 GMT</datelastmodified>
			<userlastmodified>jgregorio</userlastmodified>
			<datecreated>Wed, 02 Dec 2015 13:59:20 GMT</datecreated>
			<usercreated>jgregorio</usercreated>
			<flags>0</flags>
			<properties>
				<property type="shared">
					<name>export</name>
					<value><![CDATA[false]]></value>
				</property>
			</properties>
			<relations/>
			<accesscontrol/>
		</file>
		<file>
			<destination>system/modules/com.saga.opencms.fileupload/i18n</destination>
			<type>folder</type>
			<uuidstructure>e2d9c0fc-98fc-11e5-9b3d-0800270018cd</uuidstructure>
			<datelastmodified>Wed, 02 Dec 2015 13:59:20 GMT</datelastmodified>
			<userlastmodified>jgregorio</userlastmodified>
			<datecreated>Wed, 02 Dec 2015 13:59:20 GMT</datecreated>
			<usercreated>jgregorio</usercreated>
			<flags>0</flags>
			<properties/>
			<relations/>
			<accesscontrol/>
		</file>
		<file>
			<source>system/modules/com.saga.opencms.fileupload/i18n/com.saga.opencms.fileupload</source>
			<destination>system/modules/com.saga.opencms.fileupload/i18n/com.saga.opencms.fileupload</destination>
			<type>xmlvfsbundle</type>
			<uuidstructure>e2e30fce-98fc-11e5-9b3d-0800270018cd</uuidstructure>
			<uuidresource>e2e30fcf-98fc-11e5-9b3d-0800270018cd</uuidresource>
			<datelastmodified>Wed, 02 Dec 2015 15:30:07 GMT</datelastmodified>
			<userlastmodified>jgregorio</userlastmodified>
			<datecreated>Wed, 02 Dec 2015 13:59:21 GMT</datecreated>
			<usercreated>jgregorio</usercreated>
			<flags>0</flags>
			<properties/>
			<relations/>
			<accesscontrol/>
		</file>
		<file>
			<destination>system/modules/com.saga.opencms.fileupload/lib</destination>
			<type>folder</type>
			<uuidstructure>e3027eb0-98fc-11e5-9b3d-0800270018cd</uuidstructure>
			<datelastmodified>Wed, 02 Dec 2015 13:59:21 GMT</datelastmodified>
			<userlastmodified>jgregorio</userlastmodified>
			<datecreated>Wed, 02 Dec 2015 13:59:21 GMT</datecreated>
			<usercreated>jgregorio</usercreated>
			<flags>0</flags>
			<properties/>
			<relations/>
			<accesscontrol/>
		</file>
		<file>
			<source>system/modules/com.saga.opencms.fileupload/lib/com.saga.opencms.fileupload-1.1.jar</source>
			<destination>system/modules/com.saga.opencms.fileupload/lib/com.saga.opencms.fileupload-1.1.jar</destination>
			<type>binary</type>
			<uuidstructure>23251fca-9910-11e5-b7aa-0800270018cd</uuidstructure>
			<uuidresource>23251fcb-9910-11e5-b7aa-0800270018cd</uuidresource>
			<datelastmodified>Wed, 02 Dec 2015 16:17:09 GMT</datelastmodified>
			<userlastmodified>jgregorio</userlastmodified>
			<datecreated>Wed, 02 Dec 2015 16:17:09 GMT</datecreated>
			<usercreated>jgregorio</usercreated>
			<flags>0</flags>
			<properties/>
			<relations/>
			<accesscontrol/>
		</file>
	</files>
</export>
