<?xml version="1.0" encoding="UTF-8"?>

<export>
	<info>
		<creator>jgregorio</creator>
		<opencms_version>10.0.0</opencms_version>
		<createdate>Mon, 11 Apr 2016 09:34:01 GMT</createdate>
		<infoproject>Offline</infoproject>
		<export_version>10</export_version>
	</info>
	<module>
		<name>com.saga.sagasuite.webform</name>
		<nicename><![CDATA[Webform Module]]></nicename>
		<class/>
		<export-mode name="default"/>
		<description><![CDATA[Mejoras del webform de Alkacon para OpenCms]]></description>
		<version>0.1</version>
		<authorname><![CDATA[jgregorio]]></authorname>
		<authoremail><![CDATA[jesus.gregorio@sagasoluciones.com]]></authoremail>
		<datecreated/>
		<userinstalled/>
		<dateinstalled/>
		<dependencies>
			<dependency name="com.saga.sagasuite.core" version="1.5.2"/>
			<dependency name="com.saga.sagasuite.core.script" version="1.5.2"/>
		</dependencies>
		<exportpoints>
			<exportpoint uri="/system/modules/com.saga.sagasuite.webform/lib/" destination="WEB-INF/lib/"/>
		</exportpoints>
		<resources>
			<resource uri="/system/modules/com.saga.sagasuite.webform/"/>
		</resources>
		<excluderesources/>
		<parameters/>
	</module>
	<files>
		<file>
			<destination>system</destination>
			<type>folder</type>
			<uuidstructure>8232c7a9-fb1c-11e5-9062-180373db80b4</uuidstructure>
			<datelastmodified>Tue, 05 Apr 2016 10:52:36 GMT</datelastmodified>
			<userlastmodified>Admin</userlastmodified>
			<datecreated>Tue, 05 Apr 2016 10:52:36 GMT</datecreated>
			<usercreated>Admin</usercreated>
			<flags>0</flags>
			<properties/>
			<relations/>
			<accesscontrol>
				<accessentry>
					<uuidprincipal>ROLE.WORKPLACE_USER</uuidprincipal>
					<flags>514</flags>
					<permissionset>
						<allowed>1</allowed>
						<denied>0</denied>
					</permissionset>
				</accessentry>
			</accesscontrol>
		</file>
		<file>
			<destination>system/modules</destination>
			<type>folder</type>
			<uuidstructure>844245f5-fb1c-11e5-9062-180373db80b4</uuidstructure>
			<datelastmodified>Tue, 05 Apr 2016 10:52:40 GMT</datelastmodified>
			<userlastmodified>Admin</userlastmodified>
			<datecreated>Tue, 05 Apr 2016 10:52:40 GMT</datecreated>
			<usercreated>Admin</usercreated>
			<flags>0</flags>
			<properties/>
			<relations/>
			<accesscontrol>
				<accessentry>
					<uuidprincipal>ROLE.WORKPLACE_USER</uuidprincipal>
					<flags>514</flags>
					<permissionset>
						<allowed>5</allowed>
						<denied>0</denied>
					</permissionset>
				</accessentry>
			</accesscontrol>
		</file>
		<file>
			<destination>system/modules/com.saga.sagasuite.webform</destination>
			<type>folder</type>
			<uuidstructure>5e736f5e-fd5c-11e5-b383-180373db80b4</uuidstructure>
			<datelastmodified>Fri, 08 Apr 2016 07:34:46 GMT</datelastmodified>
			<userlastmodified>jgregorio</userlastmodified>
			<datecreated>Fri, 08 Apr 2016 07:34:46 GMT</datecreated>
			<usercreated>jgregorio</usercreated>
			<flags>0</flags>
			<properties/>
			<relations/>
			<accesscontrol/>
		</file>
		<file>
			<destination>system/modules/com.saga.sagasuite.webform/example</destination>
			<type>folder</type>
			<uuidstructure>abd118a5-ffc7-11e5-a8ec-180373db80b4</uuidstructure>
			<datelastmodified>Mon, 11 Apr 2016 09:27:55 GMT</datelastmodified>
			<userlastmodified>jgregorio</userlastmodified>
			<datecreated>Mon, 11 Apr 2016 09:27:55 GMT</datecreated>
			<usercreated>jgregorio</usercreated>
			<flags>0</flags>
			<properties/>
			<relations/>
			<accesscontrol/>
		</file>
		<file>
			<source>system/modules/com.saga.sagasuite.webform/example/wf_00001.html</source>
			<destination>system/modules/com.saga.sagasuite.webform/example/wf_00001.html</destination>
			<type>alkacon-v8-webform</type>
			<uuidstructure>130dc6e5-ffc8-11e5-a8ec-180373db80b4</uuidstructure>
			<uuidresource>130dc6e6-ffc8-11e5-a8ec-180373db80b4</uuidresource>
			<datelastmodified>Mon, 11 Apr 2016 09:29:15 GMT</datelastmodified>
			<userlastmodified>jgregorio</userlastmodified>
			<datecreated>Mon, 11 Apr 2016 09:30:48 GMT</datecreated>
			<usercreated>jgregorio</usercreated>
			<flags>0</flags>
			<properties>
				<property>
					<name>Title</name>
					<value><![CDATA[Prueba]]></value>
				</property>
				<property type="shared">
					<name>template-elements</name>
					<value><![CDATA[/system/modules/com.alkacon.opencms.v8.formgenerator/elements/form.jsp]]></value>
				</property>
			</properties>
			<relations/>
			<accesscontrol/>
		</file>
		<file>
			<destination>system/modules/com.saga.sagasuite.webform/formatters</destination>
			<type>folder</type>
			<uuidstructure>5ead9230-fd5c-11e5-b383-180373db80b4</uuidstructure>
			<datelastmodified>Fri, 08 Apr 2016 07:34:47 GMT</datelastmodified>
			<userlastmodified>jgregorio</userlastmodified>
			<datecreated>Fri, 08 Apr 2016 07:34:47 GMT</datecreated>
			<usercreated>jgregorio</usercreated>
			<flags>0</flags>
			<properties/>
			<relations/>
			<accesscontrol/>
		</file>
		<file>
			<source>system/modules/com.saga.sagasuite.webform/formatters/form-recaptcha-icheck-custom-radio-checkbox-config.xml</source>
			<destination>system/modules/com.saga.sagasuite.webform/formatters/form-recaptcha-icheck-custom-radio-checkbox-config.xml</destination>
			<type>formatter_config</type>
			<uuidstructure>f7fe88a5-fd5c-11e5-b383-180373db80b4</uuidstructure>
			<uuidresource>f7fe88a6-fd5c-11e5-b383-180373db80b4</uuidresource>
			<datelastmodified>Mon, 11 Apr 2016 07:44:48 GMT</datelastmodified>
			<userlastmodified>jgregorio</userlastmodified>
			<datecreated>Fri, 08 Apr 2016 07:39:04 GMT</datecreated>
			<usercreated>jgregorio</usercreated>
			<flags>0</flags>
			<properties>
				<property>
					<name>Title</name>
					<value><![CDATA[Webform - [Sagasuite] - ReCaptcha, Datepicker, radiobuttons, checkboxes and selects]]></value>
				</property>
			</properties>
			<relations/>
			<accesscontrol/>
		</file>
		<file>
			<source>system/modules/com.saga.sagasuite.webform/formatters/form-recaptcha-icheck-custom-radio-checkbox.jsp</source>
			<destination>system/modules/com.saga.sagasuite.webform/formatters/form-recaptcha-icheck-custom-radio-checkbox.jsp</destination>
			<type>jsp</type>
			<uuidstructure>18dc1fe5-ffb9-11e5-acae-180373db80b4</uuidstructure>
			<uuidresource>18dc1fe6-ffb9-11e5-acae-180373db80b4</uuidresource>
			<datelastmodified>Mon, 11 Apr 2016 08:58:21 GMT</datelastmodified>
			<userlastmodified>jgregorio</userlastmodified>
			<datecreated>Mon, 11 Apr 2016 07:43:35 GMT</datecreated>
			<usercreated>jgregorio</usercreated>
			<flags>0</flags>
			<properties>
				<property>
					<name>Title</name>
					<value><![CDATA[Input form page]]></value>
				</property>
				<property>
					<name>cache</name>
					<value><![CDATA[never]]></value>
				</property>
				<property type="shared">
					<name>export</name>
					<value><![CDATA[false]]></value>
				</property>
			</properties>
			<relations/>
			<accesscontrol/>
		</file>
		<file>
			<destination>system/modules/com.saga.sagasuite.webform/lib</destination>
			<type>folder</type>
			<uuidstructure>93948264-fd5c-11e5-b383-180373db80b4</uuidstructure>
			<datelastmodified>Fri, 08 Apr 2016 07:36:15 GMT</datelastmodified>
			<userlastmodified>jgregorio</userlastmodified>
			<datecreated>Fri, 08 Apr 2016 07:36:15 GMT</datecreated>
			<usercreated>jgregorio</usercreated>
			<flags>0</flags>
			<properties/>
			<relations/>
			<accesscontrol/>
		</file>
		<file>
			<source>system/modules/com.saga.sagasuite.webform/lib/com.saga.sagasuite.webform-1.0.jar</source>
			<destination>system/modules/com.saga.sagasuite.webform/lib/com.saga.sagasuite.webform-1.0.jar</destination>
			<type>binary</type>
			<uuidstructure>798433c4-ffc7-11e5-b84e-180373db80b4</uuidstructure>
			<uuidresource>798433c5-ffc7-11e5-b84e-180373db80b4</uuidresource>
			<datelastmodified>Mon, 11 Apr 2016 09:33:46 GMT</datelastmodified>
			<userlastmodified>jgregorio</userlastmodified>
			<datecreated>Mon, 11 Apr 2016 09:26:30 GMT</datecreated>
			<usercreated>jgregorio</usercreated>
			<flags>0</flags>
			<properties>
				<property>
					<name>Title</name>
					<value><![CDATA[com.saga.sagasuite.webform-1.0]]></value>
				</property>
			</properties>
			<relations/>
			<accesscontrol/>
		</file>
		<file>
			<destination>system/modules/com.saga.sagasuite.webform/resources</destination>
			<type>folder</type>
			<uuidstructure>5eb29b42-fd5c-11e5-b383-180373db80b4</uuidstructure>
			<datelastmodified>Fri, 08 Apr 2016 07:34:47 GMT</datelastmodified>
			<userlastmodified>jgregorio</userlastmodified>
			<datecreated>Fri, 08 Apr 2016 07:34:47 GMT</datecreated>
			<usercreated>jgregorio</usercreated>
			<flags>0</flags>
			<properties/>
			<relations/>
			<accesscontrol/>
		</file>
		<file>
			<destination>system/modules/com.saga.sagasuite.webform/resources/form-template</destination>
			<type>folder</type>
			<uuidstructure>d622c74a-fd5c-11e5-b383-180373db80b4</uuidstructure>
			<datelastmodified>Fri, 08 Apr 2016 07:38:07 GMT</datelastmodified>
			<userlastmodified>jgregorio</userlastmodified>
			<datecreated>Fri, 08 Apr 2016 07:38:07 GMT</datecreated>
			<usercreated>jgregorio</usercreated>
			<flags>0</flags>
			<properties/>
			<relations/>
			<accesscontrol/>
		</file>
		<file>
			<source>system/modules/com.saga.sagasuite.webform/resources/form-template/only-bs3-form-template.st</source>
			<destination>system/modules/com.saga.sagasuite.webform/resources/form-template/only-bs3-form-template.st</destination>
			<type>plain</type>
			<uuidstructure>e1b3980d-fd5c-11e5-b383-180373db80b4</uuidstructure>
			<uuidresource>e1b3980e-fd5c-11e5-b383-180373db80b4</uuidresource>
			<datelastmodified>Fri, 08 Apr 2016 09:21:52 GMT</datelastmodified>
			<userlastmodified>jgregorio</userlastmodified>
			<datecreated>Fri, 08 Apr 2016 07:38:27 GMT</datecreated>
			<usercreated>jgregorio</usercreated>
			<flags>0</flags>
			<properties>
				<property>
					<name>Title</name>
					<value><![CDATA[only-bs3-form-template]]></value>
				</property>
			</properties>
			<relations/>
			<accesscontrol/>
		</file>
	</files>
</export>
